id,username,Firstname,Lastname,EmailID,Password,CardNumber,Expires,CCV,HouseNumber,StreetName,City,PostCode,Country
1,Abhishek,abhi,shek,abc@mule.com,test,7894632578942563,09/22,123,12,hsr,Bengaluru,560011,India
2,Chandan,joe,dell,abc1@mule.com,test1,7894632578942563,09/22,123,13,hsr,Bengaluru,560011,India
3,Ali,john,cea,abc2@mule.com,test2,7894632578942563,09/22,123,141,hsr,Bengaluru,560011,India
4,Akash,rock,john,abc01@mule.com,sudo,7894632578942563,09/22,123,12,hsr,Bengaluru,560011,India
5,Atul,ali,baba,abc3@mule.com,kill,7894632578942563,09/22,123,16,hsr,Bengaluru,560011,India
6,Ajesh,joe,dell,abc11@mule.com,test45,7894632578942563,09/22,123,15,hsr,Bengaluru,560011,India
7,Vishnu,sagar,kumar,abc15@mule.com,batman,7894632578942563,09/22,123,19,hsr,Bengaluru,560011,India
8,Harsh,kalyan,khan,abc16@mule.com,sudo20,7894632578942563,09/22,123,18,hsr,Bengaluru,560011,India
9,Karn,uday,kiran,abc17@mule.com,root,7894632578942563,09/22,123,12,hsr,Bengaluru,560011,India
10,Rahul,shivesh,abhi,abc18@mule.com,rootuser,7894632578942563,09/22,123,18,hsr,Bengaluru,560011,India